game_id,player_id,free_resp_prompt,free_resp_answer
ebb76ace-54d1-4bda-8eab-e12729f95454,7fb9c568-eb73-4ad8-8705-45e9dcc5c4a3,"In the text box below, please describe any strategies you used to try and beat your opponent.",I noticed that the opponent usually followed a pattern of what they would choose. I would recognize this pattern and follow it too to choose what object I was going to pick.
30aea025-4c7b-41c0-bd03-363cc73bf583,c82739a2-9e24-4c1b-840f-9eb00d10cd9b,"In the text box below, please describe any strategies you used to try and beat your opponent.","I didn't realize there would be a strategy for a game like rock, paper, scissors."
77c0310c-3c29-45de-b1f4-0a949689582b,d58ab2c9-52de-44e0-b54b-1d96ca3cc785,"In the text box below, please describe any strategies you used to try and beat your opponent.","if they repeated something multiple times, i went to the thing that would beat them"
4a4a73f6-75cb-4424-85be-0361f2399da5,f61a51ea-8990-4280-926c-41251ade9764,"In the text box below, please describe any strategies you used to try and beat your opponent.","The server would try to beat the last card i played, so playing the card that beat my previous hand would win the round for me."
0e42c8ed-dec4-45f1-bd15-4de1a28ba05c,8766a7e1-c137-41aa-a9ed-8b7f18a3bc16,"In the text box below, please describe any strategies you used to try and beat your opponent.","At first I was just pressing rock, because rock has pretty good chances, but after realizing the pattern in the choice of my opponent I was able to figure out which object he was going to chose before he chose it. "
28393a17-c8b7-47cf-bd20-ae49baf9646b,d75c7e2e-b1ba-4877-a14d-628d817fa2af,"In the text box below, please describe any strategies you used to try and beat your opponent.","I noticed that usually the opponent would choose whichever move would have beaten my previous choice, so I would pick whatever beat that choice. For example, if I picked rock, in the next turn the opponent would pick paper so I would choose scissors."
0a988fbf-272a-4d58-9feb-b3d648e67a43,1ac24496-a693-4194-8e1f-69a0f3ee4143,"In the text box below, please describe any strategies you used to try and beat your opponent.",Just tried to see what they were doing and then do the opposite? went with my gut
bead7b05-0d45-43da-8fb9-9cc2981be09f,79a2d092-4475-435d-972c-e9036a3de75d,"In the text box below, please describe any strategies you used to try and beat your opponent.",I saw a rotating pattern
27d2ce58-ed12-4d9c-b298-379598c5e69b,20d0d9b2-261a-490a-a3d0-d61621fbe9dd,"In the text box below, please describe any strategies you used to try and beat your opponent.","At first I thought it was completely random until i found out that once I won something for example I played ROCK and they played SCISSORS, I saw it kept going down the line ROCK>PAPER>SCISSORS. But sometimes I would notice that I would tie/lose and I would pay attention to what I played last and why i tied/lost for example I played ROCK and they played PAPER. I would then predict that I should play ROCK again because they will play SCISSORS next."
918a010a-e7ed-4b26-b2e8-63d7f9f5a8f2,fa5449d2-5c2e-4a6e-b029-8f87d636672f,"In the text box below, please describe any strategies you used to try and beat your opponent.","Lead the computer into the loop of the tie, lets call the tie thing k, then recursively use the one that beat the k and the k."
24c11d38-46bc-4ff8-9bb9-61a751f37ada,184e0533-1072-46a0-9dd2-c012007af96f,"In the text box below, please describe any strategies you used to try and beat your opponent.",I noticed a pattern in the game as when I would pick the winning option the computer would pick the item that would beat what I had just played so I would try to play ahead
4d8b459f-7586-4734-b7e2-6ee1ae630b64,06ef75f2-414f-4f3e-8be9-0f96207dfabf,"In the text box below, please describe any strategies you used to try and beat your opponent.","At first I was picking randomly, but then noticed that there was a pattern where I could just do the same pattern and I would win"
75fa2cae-d554-44e9-9b36-02e0e05b9cbc,fbabf9cb-a960-4e47-9beb-15c2529ee390,"In the text box below, please describe any strategies you used to try and beat your opponent.","Didn't really use too many strategies. I tried not to do more than 5 of the same thing in a row. Sometimes I would try and see if the computer was predicting where I would move next, but wasn't always consistent. "
4efd6fdf-127d-46d3-8bbc-e7ba92312ca5,20a1a2f8-583a-436e-81ba-d2fa36a94a94,"In the text box below, please describe any strategies you used to try and beat your opponent.",try to predict how he/she's pattern is
3e725837-b234-4eec-bfd3-6dca4138e29a,c2ed21e6-c5f5-4189-aa06-ad8a2f2cc8eb,"In the text box below, please describe any strategies you used to try and beat your opponent.",I tries to memorize a pattern from the opponent and tried to match it by choosing the opposite
ae3daa90-54f8-4557-9199-378a03096425,26f37c05-cdc8-4aa9-b887-b46e0e2b4acf,"In the text box below, please describe any strategies you used to try and beat your opponent.",I tried to predict what my opponent was use based on their patterns.
89fe5868-3da2-45b8-9687-8aec90b283f2,9abb892e-7543-47bf-a2dc-40b0796b01b7,"In the text box below, please describe any strategies you used to try and beat your opponent.",saw pattern in opponent
141129fb-7918-4915-a147-075ef931e0cf,4cb7970a-f686-4c7d-b4eb-e5aa26ccbb15,"In the text box below, please describe any strategies you used to try and beat your opponent.",The computer program had a semi predictable move set that relied heavily on my previous few moves. After a few in a row it would change to the next set to try and beat me. The computer moves went back and forth between two items and then would switch once it was beaten a couple times.
d0bf5c4d-9d89-46e1-bcb2-f9b510a456c3,b007f71f-9cc6-46a7-9868-0e4274a4d1fc,"In the text box below, please describe any strategies you used to try and beat your opponent.","I could see that it tended to pick whatever would beat what I just chose, so I would switch between things like rock and scissors because I would tie and then win the next round."
c9fbe4e5-af61-47b1-a364-924cdde91d26,489e572a-1c73-4de5-bed2-9733b137b31d,"In the text box below, please describe any strategies you used to try and beat your opponent.","Strategies included knowing what the opponent played and how often it repeated. The opponent used rock, paper, scissors once before repeating the same three cards. Given this information, if I lose the first round, then the next round will either be a tie or a win. If it's a tie, then I will win for sure the next round. Every 5th or 6th time, the opponent plays the second card again, so if the first card was Rock and the second was Scissors, then I would play rock to beat Scissors. This did not happen often, but didn't notice beforehand."
357370e8-23a2-4d50-994a-e2b25bb1a87b,aebeb609-f670-4172-ad56-96a7f556f619,"In the text box below, please describe any strategies you used to try and beat your opponent.",I honestly couldn't figure out what the opponent was doing so i just guessed.
1972fecb-5351-4037-9896-96b88cdffc23,83cbe4a4-970b-48f2-aed2-64ab1a20aee5,"In the text box below, please describe any strategies you used to try and beat your opponent.",Rock every time
9a564510-b95c-47b3-abf3-4719cea2be4b,a0d7acf4-a562-4511-b8bc-27529ad1e18e,"In the text box below, please describe any strategies you used to try and beat your opponent.",i realized a pattern and stuck to a pattern that would beat its pattern
44634992-c341-4725-873f-12d57d880a9d,a04124be-1692-42a8-ae4e-7de797d77116,"In the text box below, please describe any strategies you used to try and beat your opponent.",Sometimes I would click the same as the previous 
dbb3eb8b-93a2-4000-a8d8-92a46c580dd8,32295c40-4b02-438b-9fe5-1b404bb826b2,"In the text box below, please describe any strategies you used to try and beat your opponent.","I realized the computer was using the same strategy, but was mixing it up once in a while but it was easy to find the pattern and beat the computer."
1b39ddc3-e6cf-43e0-9a21-57593703b61b,962a402b-2bef-478e-a21b-22cb97548ebb,"In the text box below, please describe any strategies you used to try and beat your opponent.","I thought that if my opponent played one thing for one round (ex: rock) and won, they would choose the same thing in the next round. So I would alter my choice to the option that would beat their choice (in this example, paper). I would also find that they would change their choice if they lost, consecutively. So if they did Rock (the first in the sequence) and lost, they would go to paper. Then if they lost with paper (second in the sequence), they would go to scissors."
0d533791-7b36-49e9-9bcd-2a36f841630f,6a156fd9-b164-4b24-9a62-70fd9c6ad078,"In the text box below, please describe any strategies you used to try and beat your opponent.",I tried to find a pattern in what they chose and that worked. 
8bd63781-8774-4221-a739-8a1e05af5107,bcfa93ab-0b78-4483-b54d-06271453f61e,"In the text box below, please describe any strategies you used to try and beat your opponent.",I didn't use any.
b424dbf6-9063-44cf-a82b-5217333c7635,32c8d4e3-a075-42fb-b544-8fffdc9eb3a4,"In the text box below, please describe any strategies you used to try and beat your opponent.",Predicted what option they’d choose by sometimes determining some kind of pattern. 
ed1392b6-e31e-4a05-ad94-996a2fa93d81,33795fa4-5fc8-4813-9526-4f5b6dab971e,"In the text box below, please describe any strategies you used to try and beat your opponent.",noticed and would keep track of patterns displayed by opponent
110737e9-9735-4893-8446-04f5f4ec183e,262fe3a5-9466-4474-811c-6d1b70688f0f,"In the text box below, please describe any strategies you used to try and beat your opponent.",One of the strategies I tried to use to beat my opponent was try and remember what move I used last and I would try to guess what their next move was. Another strategy I tried to use was to try and remember what moves my opponent kept using because at times it felt as if there was an order to what move they would use next.
7b0a80fe-0c9e-442f-8bcb-c204352fda24,0be13e74-9bbe-488d-af6d-36eabd5997be,"In the text box below, please describe any strategies you used to try and beat your opponent.","the opponent was on a loop, so i just stayed one ahead and paid attention to when the loop changed"
3dba6568-e90b-4359-ac26-aa0bf8483934,2e2c04c9-19de-471a-b83b-04babfac4842,"In the text box below, please describe any strategies you used to try and beat your opponent.",I tried to see if the opponent had a certain strategy and then worked from there
f41d2a75-d3de-4099-8f84-8f2ea5cf8d11,14998967-0819-46ba-9da9-7f9d7858d2f7,"In the text box below, please describe any strategies you used to try and beat your opponent.",I thought that the strategy of the computer was going in an order where I can guarantee myself a tie-win every other turn so I started following that strategy once I saw the pattern.
16ace811-12a8-4a06-8e15-bc3b8a03313b,06f2b367-47a8-4d55-912c-974cee03256e,"In the text box below, please describe any strategies you used to try and beat your opponent.","it was tough to create a strategy, I tried using a method where I clicked each option 3 times in a row and then alternate "
bdae4b90-5c3e-4f71-86b4-a1f6f652b797,f3540a99-31be-4868-aa91-39801ac216ba,"In the text box below, please describe any strategies you used to try and beat your opponent.","It was clear after a few rounds that the opponent was simply cycling through each option in order. So I just did the same, but one step ahead. The cycle is disrupted every few rounds but it re-calibrates in the exact same manner so it was simple to adjust the pattern I cycled through. "
e0889cbb-960b-45b3-8294-26dca7d70c5e,46aa57c6-3450-4af3-b214-e3796206e88e,"In the text box below, please describe any strategies you used to try and beat your opponent.",I chose the same one every time since the chances of winning are the same as far as I am able to conclude.
b8f0eec2-2d64-42c6-b3fd-6c94dd773413,b58febc1-ef9c-4022-8686-403f82d88ec2,"In the text box below, please describe any strategies you used to try and beat your opponent.",rock -> paper -> scissor
fca92c82-5fd3-4703-b154-7184cf400e63,18c32ef9-c46c-43aa-8fe0-1a8cc38f20de,"In the text box below, please describe any strategies you used to try and beat your opponent.","To beat the opponent I tried to predict the card he/she was going to choose. I discovered the pattern, which was rock, paper and scissors and then rock again. Thus, I attempted to choose as quickly as possible the opposite card. "
b11a8544-b074-4eb3-985c-7b2527f7428b,7317feb6-9809-4c88-889c-edb4b6c230c4,"In the text box below, please describe any strategies you used to try and beat your opponent.","I noticed rotating between rock, paper, scissors for the most part was successful."
c84a16d5-ab1e-48ec-90fc-d87f8c7e34b1,67c848ff-ce91-4213-9f7c-e706f96d5f39,"In the text box below, please describe any strategies you used to try and beat your opponent.","I focused on seeing what my proponent was playing, and what they would play based on that. "
e2a98207-c6e3-42ff-ab23-09478246d865,efa4eca3-825a-44b2-9b3b-58dca101bd66,"In the text box below, please describe any strategies you used to try and beat your opponent.","I would push on scissors multiple times so that we would match and then push on rock and most of the time, my opponent would still be on scissors. Other than that, I just tried to stay random. "
2d59d1e2-19dd-4d13-a8cd-23fd37105100,3d31330e-bdbf-4ec7-b307-f2b3468db11d,"In the text box below, please describe any strategies you used to try and beat your opponent.",I figured out the order the computer would generally go in. Sometimes it would skip a move but it would go back to that order. 
7b1f724d-dd20-4e98-b46c-a48330d41782,32643f0f-d3c8-4106-9158-ea7fb545a723,"In the text box below, please describe any strategies you used to try and beat your opponent.",Going rock paper scissors 
29c37df0-8c09-4cbe-b45b-b0184622ce7c,e4ea6761-0781-4e78-972b-675617e89cc8,"In the text box below, please describe any strategies you used to try and beat your opponent.",I would randomly choose differnt methods but for the most part I stuck with choosing rock
9239be27-574b-468e-8597-7bac064e9ce5,0f018a63-f1eb-421e-8cef-9b5e021d1221,"In the text box below, please describe any strategies you used to try and beat your opponent.",There seemed to be a sequence with the opponent so i tried to follow that
ed45c0ed-85c8-4270-babb-0a9ee1a15ad3,a7c02cae-cfe8-4205-974f-5c10ee3928c7,"In the text box below, please describe any strategies you used to try and beat your opponent.",I noticed the opponent would usually pick whatever object I picked before so i used the strategy of going in order from Rock to Paper to Scissor 
c1dcf6ea-8afb-497d-8ab4-e15c8c3b2672,f065171d-808d-47a0-8a4a-58c2b41e0959,"In the text box below, please describe any strategies you used to try and beat your opponent.",I would choose the one that I thought they were not going to choose or the one that they had just previously chosen
f39797d0-ef5c-4e43-b691-aa7400e0c6b9,e712146f-e021-4e57-b1cc-d8b5257d016e,"In the text box below, please describe any strategies you used to try and beat your opponent.",I thought that my opponent would chose something to counter my previous attacks so I would do the opposite of what I thought they would do
f91b73c5-69d4-435a-a2fa-72c76ef80dc6,293fcc80-c707-4bbd-8f3d-039db0f18bc0,"In the text box below, please describe any strategies you used to try and beat your opponent.",I tried to think of what my opponent selected previously 
d220e990-9462-403c-aa65-2a9be6913e25,0f09ae2d-06a3-4448-9e13-2dbbafa1466e,"In the text box below, please describe any strategies you used to try and beat your opponent.",To find the patterns it was using and using it against them
6f0aa4e2-1f8f-478e-b175-8fd752c8cec8,6c6c787a-5e80-4818-98f0-c0d1c0cb33c5,"In the text box below, please describe any strategies you used to try and beat your opponent.","If opponent picks rock, their next pick will likely be what beats rock, which is paper. So I will pick scissors. The opponent will likely pick what will beat the thing they lost with before. "
3b89186e-3d71-478d-8f26-ce66259efa5b,5e6c6dd6-ca4e-4299-a24e-6dc7f1daca90,"In the text box below, please describe any strategies you used to try and beat your opponent.","I checked the opponent's previous moves and anticipated what they would do next depending on what they may have thought I would do next. I also paid attention to certain patterns, such as the same move multiple times in a row."
3ea4a9dd-fd88-4090-aa38-008c50292bf9,8730d6bd-1862-4250-87d7-04bc04391775,"In the text box below, please describe any strategies you used to try and beat your opponent.","I tried to detect if there was a pattern/order in which my opponent would choose either rock, paper, scissors. Then, based on that, I had to choose the opposite object in order to beat them."
7a9914e9-75c5-43e3-8e52-e995fdaea545,33125e3d-2faf-4de5-99b0-d63a196d5deb,"In the text box below, please describe any strategies you used to try and beat your opponent.",i noticed that the winning action cycled in order through all three from left to right
c7736160-5774-46dc-baef-7ed8122651e5,f3a0bddd-ddc3-4be3-91cc-6e06c7b52568,"In the text box below, please describe any strategies you used to try and beat your opponent.","Rock is my favorite so I always do rock first, then I decided to switch it up, no strategies really"
15ead9b6-fdf3-44db-bcca-e614e01f7a86,bed6c818-626d-4e2e-9001-ba855ae78231,"In the text box below, please describe any strategies you used to try and beat your opponent.","At one point, I realized I should check my opponent's choices for any patterns, so I did, but no patterns were occurring at least when I checked."
fb7dfbdd-21bd-4389-a84b-cd8ef16f8a7b,4d43259b-d498-40de-98c5-261c48b1daa1,"In the text box below, please describe any strategies you used to try and beat your opponent.","If they were repeatedly selecting an option, I continued along with it a few times, until I chose an alternate one."
8d620393-873f-462a-bd86-09887f3ed0fc,362e4464-1336-4c9f-985a-23d2d783270a,"In the text box below, please describe any strategies you used to try and beat your opponent.",I just picked the symbol the other player picked before me
8a2fffb9-4df6-4f62-aaa4-8e20bdb59847,2ab713fa-cfe7-4993-a8d0-19c7770e6f91,"In the text box below, please describe any strategies you used to try and beat your opponent.","At first, I was analyzing my opponent's movement to try to predict what he will choose after. Later on, I realize the pattern in which the icons where selected"
8b3af868-2e83-4be6-90db-9ef92c30224b,33af7173-44a8-4d03-9707-2fdd85be0361,"In the text box below, please describe any strategies you used to try and beat your opponent.",I noticed a pattern and/or a particular order that caused me to win more often and stuck with it.
b3be5414-3a65-4364-9b4b-893a6df070f9,9292407d-9be8-430d-aade-cda0c1226a63,"In the text box below, please describe any strategies you used to try and beat your opponent.","I did not use any strategy, because I cannot predict what my opponent will choose."
40e64567-8848-4a12-889a-700d1a0cf84d,643954c0-b7e2-4f5f-8ae7-50c335731299,"In the text box below, please describe any strategies you used to try and beat your opponent.",I tried to play them in reverse order and it seemed to work. 
ab1e8bba-a8a2-4e26-9e88-ffe268d094c9,ade9bd7b-3550-49ba-8f0b-4498c5cd3942,"In the text box below, please describe any strategies you used to try and beat your opponent.","I found that the opponent typically chose the option that would beat me given that I chose the same thing(ie If I chose rock, Opponent's next move was usually paper). That being said, Opponent occassionally altered this cycle"
13e54e91-cadd-4669-917b-3afc29e412a4,39036ea4-1d83-469d-af59-30e368b30488,"In the text box below, please describe any strategies you used to try and beat your opponent.",random selection
a1086b75-b314-41f5-8000-e7677c52e6e8,76f7fa2e-8f2a-49f8-b876-777910328350,"In the text box below, please describe any strategies you used to try and beat your opponent.","In the beginning, I did not have a strategy at all. After a while, I recognized a pattern that my opponent always chose the following object while occasionally doing the same object twice. If they did the object twice, then I would anticipate that they would move on after two times. "
b6c6f1e7-f192-4807-ad29-40eac78bd73e,8e03aa5d-dfb2-4273-847b-e839a9972a52,"In the text box below, please describe any strategies you used to try and beat your opponent.","I prioritize using rock multiple times, then move on to scissors, and occasionally use paper. 
Repeat using rock until the computer responds by playing paper, and then change my move."
e7477167-f461-4480-b357-eaece9044dd8,fe8153e9-03d0-4cbd-b162-4951af4aff11,"In the text box below, please describe any strategies you used to try and beat your opponent.","I noticed that at some points there would be a long period where the opponent would repeatedly use rock, paper, scissors in that order. Since I could predict which move the opponent would play, it was easy for me to pick the move that would win. Whenever the opponent defied that pattern, I went back to assess what moves the opponent would make since it was rare for the opponent to go backwards in the rock, paper scissors pattern. The opponent, for example, if picking scissors, would either pick scissors again or pick rock. The opponent would never go backward and pick paper."
89d74b17-ca3f-41b0-a5c9-78b812a68ad1,943c0fe3-91dc-4053-a029-cc39ea40670a,"In the text box below, please describe any strategies you used to try and beat your opponent.",tried to keep hitting rock button and then hit paper so that i could win
1fc2acbf-c673-4d70-bd64-fbaceab012c5,c387a19d-75d6-404f-921e-bc7ff26ec4d8,"In the text box below, please describe any strategies you used to try and beat your opponent.",i would watvh out for the pattern of the laptop
86ce3ea0-6e6e-4bc3-bc8d-6b4a60c455b4,1c4eedbb-5be3-48b2-a3c0-a5b8518ebb9f,"In the text box below, please describe any strategies you used to try and beat your opponent.",I tried to find a pattern in my opponent's choices. Then used that to decide how to win.
59c14d59-16a9-460d-bbfd-fa1a796c52b9,b91ef3ad-e166-47aa-b303-c5e86184dd87,"In the text box below, please describe any strategies you used to try and beat your opponent.","I went in order for a while and that seemed to work, to sort of randomize which one I would be choosing but ultimately there really was no strategy. "
fb2ac9d8-6aff-449e-8616-413a6d394705,aa5e1d0d-144a-4181-8044-11a8ae4afcf9,"In the text box below, please describe any strategies you used to try and beat your opponent.","The computer would go in order if i followed it's order, but it i beat it, it would change what it is doing until i went back to its order"
b2348bb6-a122-42d4-a702-40dbe8168e29,5f58390e-36e9-47e0-86c0-7b8342f3ab8d,"In the text box below, please describe any strategies you used to try and beat your opponent.",I figured out the pattern early on and just stuck to it.
8a0c3857-0e4b-4286-931e-cf4461f60968,408c3c0a-0d42-4bf0-8b30-4569555b68cf,"In the text box below, please describe any strategies you used to try and beat your opponent.",I noticed that the computer starting using the same one's in a sort of chronological order so I just kept using the one's that would beat it.
b3f8fdec-aff5-40ee-b2c9-a7c9c38ae5c8,4072b1da-8d44-4982-8499-1e50dcda98b8,"In the text box below, please describe any strategies you used to try and beat your opponent.","usually pretty random, did notice that whenever it went rock then paper it usually went scissors afterwords, also it liked to stick to ties
"
afa323fa-18c0-4372-b7a3-2532a4d61cad,bde42643-c3cc-4691-ab44-49694022e8ca,"In the text box below, please describe any strategies you used to try and beat your opponent.","I tried to understand the opponent's pattern that was determined based on what I last chose. Accordingly, I selected my option in anticipation."
b0da78c4-64ac-4b6b-bda0-2739bb209853,c7872cbb-107a-49c8-8857-14ca9a0a57dd,"In the text box below, please describe any strategies you used to try and beat your opponent.","First it was a lot of choosing what would lose. Then realizing after a while there were most cases that it would never do 3 of the same in a row so there was a most safe option. Then gotta stick with the power of rock, it didn't work but it had that power"
4b1fccb1-7604-431c-80f7-7926fd3d0089,e10c5137-504e-47d5-b1a9-7fcda2246bf1,"In the text box below, please describe any strategies you used to try and beat your opponent.","I noticed that it is better to alternate between picking the rock, scissor, and paper. Picking the same option over two times has the potential of losing. I noticed that when I followed the opponent's previous pick, it allowed me to score some points. Overall, alternating between the options in a certain pattern was the best strategy at trying to beat my opponent."
06939345-e8b3-4375-a528-75d41bba21fe,9576015e-730c-4ad7-9417-b869bced461a,"In the text box below, please describe any strategies you used to try and beat your opponent.","At first, I was trying to find one of the options that I could repeatedly choose and keep winning. Eventually, I figured out that I rarely lost when I selected the card to the right of the previous card I chose. So after I figured that out I continuously selected rock paper and scissors in the right to left order. With this figured out, I then wanted to know if I would win or lose when I chose the same option that I had just lost from (ex. If i just lost by choosing rock, if I chose rock again, would I win or lose?). After trying this a couple times, I realized that selecting the same card over and over would often result in a tie. That got boring, so I went back to going from right to left (this time not repeating the card after I lost from it) and found that I rarely tied or lost."
1de04862-5bbb-4eb5-a5d1-836b61b795ab,f1c9505b-9679-44f1-ab77-ef90857bb16e,"In the text box below, please describe any strategies you used to try and beat your opponent.","Nostrategy
"
e851e0fa-152a-47c4-91a8-d3d6067b3839,cffde77a-02e3-44e2-9a23-412fb569f35f,"In the text box below, please describe any strategies you used to try and beat your opponent.",why did it say game over? 
0589f70e-def3-4d35-aaa1-841925f7cf87,c7675601-e383-4906-b947-66193f2888d9,"In the text box below, please describe any strategies you used to try and beat your opponent.",trying to find a pattern
7aae2933-f344-45ae-9cdb-c0437b15998c,980076f1-2d6a-49e1-864d-1e7934778155,"In the text box below, please describe any strategies you used to try and beat your opponent.","The opponent threw hand in pattern, so I just threw in a pattern"
e883f55c-0cb3-4d25-b680-5b52520ef854,8d6fa1b6-5176-47ad-b83b-981a8768bf69,"In the text box below, please describe any strategies you used to try and beat your opponent.",none
890987cf-83e9-429f-a435-abab474695bf,fb56004d-b76b-430c-8ad4-7fa38309d854,"In the text box below, please describe any strategies you used to try and beat your opponent.",Strategies I tried we picking the same thing multiple times in a row.
89d4b7a8-dcfc-4d87-aced-6c77578e984c,b6fa5b74-d7f7-4eb2-8a96-8ac97773d896,"In the text box below, please describe any strategies you used to try and beat your opponent.","After a while I realized that if I picked rock, paper, scissors in order I would either win the round or tie. "
08d13703-0de7-4f58-aa8b-4996af18f6da,f7648a2d-944f-49ae-a8c3-38ee63607ae1,"In the text box below, please describe any strategies you used to try and beat your opponent.","I switch in sequence and I found that if I lost, I can get my score back by choosing the same stuff the next time."
deadefcf-8713-4c96-b86f-c9fa129dc56a,52183fea-7ccb-4296-8f2c-cb38f25834e6,"In the text box below, please describe any strategies you used to try and beat your opponent.",trying to fimd the pattern of oppsite used.
588fd35e-b82d-434f-b65d-9470deff5b0b,63cf564c-3bb4-4ea3-9c3e-ce91edc7f3e8,"In the text box below, please describe any strategies you used to try and beat your opponent.","My strategy was to make my decisions in the order of rock, paper, scissors. I literally chose rock first, then paper, then scissors and repeated that cycle. When I lost two games in a row, then I would repeat my previous answer, and then continue the cycle again."
8941e5fe-6853-4a94-8c62-0c5079c4b36d,09523cc6-ffba-4fcb-8c83-d38aa9be0bc0,"In the text box below, please describe any strategies you used to try and beat your opponent.",there was an obvious pattern at times
9827a7c5-73d3-485f-8454-3f0f7a11bd2d,64f6d9f7-e99c-4edd-af0c-15cf70abeed0,"In the text box below, please describe any strategies you used to try and beat your opponent.","sometimes, there is a repeat of rock, paper, scissor"
5ccf2e48-bc25-4887-8dec-0695c255d1e3,5ae44ea4-e58e-4c1a-bbe2-85ea8c25ca91,"In the text box below, please describe any strategies you used to try and beat your opponent.",none
a06a7f63-99a1-448b-a071-d7786b1cd91b,859125e1-2c59-40b5-a639-3ed524099405,"In the text box below, please describe any strategies you used to try and beat your opponent.",I tried to figure out the pattern and once I found a steady flow I followed it.
4f83446c-8546-4427-9814-9fb33449a802,386e418a-8a16-45d5-acf7-3b85a2999814,"In the text box below, please describe any strategies you used to try and beat your opponent.","I found a pattern after the first 10-20 rounds and realized that my opponent was going from rock to paper to scissors consistently, but then only occasionally switching up the pattern to something else, one which was still predictable and could be matched and then the following move would be in that same order so I would just continue to repeat on my same order, one step ahead of the opponent"
a195a806-d892-4f03-aabf-2c8baf4060c0,5cf138e9-a4e6-4460-bc74-8995993854bf,"In the text box below, please describe any strategies you used to try and beat your opponent.","After a while, I started to notice a pattern. Beating the computer once with a specific output, the system begins to go in order from 1 - 3 and then repeats itself until a certain number of trials."
56b3559b-8d73-4b07-bf43-8bd1bec39b5e,1c77a9d0-2c49-4eff-9369-71fe3bb1e16e,"In the text box below, please describe any strategies you used to try and beat your opponent.",I tried to randomize my options and do something that was not expected
1c59e146-e60b-457c-8bed-84a91246378e,21cca229-0ddd-40e1-aafd-4fcfa483c8ea,"In the text box below, please describe any strategies you used to try and beat your opponent.","Let it believe you only choose scissor, then you give it a rock"
67f51a5d-55cb-4e2d-bc5c-f5c933ff75d6,ff6d0064-2d19-4f80-b3b3-c49bf18344ce,"In the text box below, please describe any strategies you used to try and beat your opponent.",I didn't really know what I was doing to anticipate my opponents next move. I guess I was trying my best to figure out patterns to recognize what someone might do if they just picked this and I just picked that or what ever. It is kind of hard to explain I just noticed recurring moves and I tried to anticipate the next one.
4fa4db4c-a873-4089-8cbc-1019a40ff01e,a88f80ef-15a5-49c8-8b03-f248c5556dff,"In the text box below, please describe any strategies you used to try and beat your opponent.","It was mostly guessing, and I just started on the opposite end of whatever their last option was and used that item twice. "
81ae0d90-deaf-4d9a-a29c-193bf0c809c2,307092ad-541f-4bc5-bce8-2f4d8ccd7964,"In the text box below, please describe any strategies you used to try and beat your opponent.","It seemed like the program would cycle through some of the past decisions I made. So, you could recognize some patterns of the choices it would make. Like if you press paper a bunch of times it would also do the same to keep the scores even, but then when you deviate from paper it would choose paper one more time and then pick something to beat what you chose."
98b9bfea-45c9-45ae-874c-61e24b9ec69e,42c779d3-4874-4801-bb3b-9fb3ce07452e,"In the text box below, please describe any strategies you used to try and beat your opponent.","At certain points, I noticed that patterns developed in what me and my opponent were choosing, so I went with it until I noticed it changed."
b086b1a1-2f63-40fd-8d20-d30fe85513ef,756a936c-7a7b-40ed-a046-d98f9b9cd354,"In the text box below, please describe any strategies you used to try and beat your opponent.",choose the same as the opponents
bd0681c1-5013-4132-b540-3098df50b662,35893075-e4cf-411f-bf9a-ecf2a813db81,"In the text box below, please describe any strategies you used to try and beat your opponent.",ok so i eventually figured out it goes in loop from left to right over and over but then it'll randomly re-start in a new place
939669ea-9141-4a02-a9d0-46936f0c0a89,fc43162a-4035-4626-a886-8aa650609a1d,"In the text box below, please describe any strategies you used to try and beat your opponent.","It seemed that most of the timer the cpu picked the last move picked that last move I made. Thus, my strategy was to just alternate my moves by going clockwise as that order ensure that my current move would beat my last move."
d4b32ec9-1250-4ffb-b581-6d060d9d6074,0d3cdb21-e4cc-4822-9627-d1d02b9cb2f1,"In the text box below, please describe any strategies you used to try and beat your opponent.","First I simply tried playing the game by guessing which turn it would make. Than I realized the game had a pattern to it and I simply just followed the pattern after that to get to my goal. The pattern of the opponent was rock, paper, and scissors and they played it in that order so all I had to do was play the winning hand. "
5e2dfb9e-b23e-4b95-95eb-3292cbf5a009,b9299d78-296b-432d-a848-7171eaf8913d,"In the text box below, please describe any strategies you used to try and beat your opponent.",I tried to anticipate what was coming by looking at the ones that they have used. I wanted to also try to be random so that it would be hard to predict.
8df64c8f-8674-4d5e-a58f-bba785a1b5a8,e584aebe-d615-493f-aad7-29058c6e27c2,"In the text box below, please describe any strategies you used to try and beat your opponent.",Saw a pattern in what they chose
d671d6b6-f87e-4b57-b345-f4efb81d611d,acfdef1c-c703-4202-bee5-20a55075da19,"In the text box below, please describe any strategies you used to try and beat your opponent.","The choices of my opponent was constant: Scissors, paper, rock"
41ab8b3e-7cb4-4ebc-806a-10ccc799d790,c44472de-22f9-4cbf-89a4-8d330fd6f35a,"In the text box below, please describe any strategies you used to try and beat your opponent.","After a couple rounds I noticed that for the majority of the game my opponent went in order, i.e scissors then paper then rock, and would continue to repeat that pattern. After noticing the pattern I just simply selected the counter since they were demonstrating an obvious choice pattern.

After about every 10 rounds, I noticed that my opponent would re-select the object from the previous round. Unfortunately, I could not capitalize because I only noticed that pattern during the final rounds."
75feede0-c79d-4e74-be03-174630ef9a24,d5aadda6-b82d-449e-8463-e1f4a61a59e2,"In the text box below, please describe any strategies you used to try and beat your opponent.",If the opponent played one option multiple times I changed my answer. It was also just a bit random. 
549f73f4-7a68-4d78-abb4-76d6dbb9e8f2,7c2e9a45-3e56-4a41-96e5-b59868f2e5cb,"In the text box below, please describe any strategies you used to try and beat your opponent.","I noticed that there was a general pattern of the computer going rock, paper, scissors and then repeating that pattern so I simply followed the pattern necessary to beat it. Occasionally the computer would jump to a different position in the pattern but it would then follow the same pattern so I would just adjust my own pattern to match."
1b4ec305-d435-42e7-bf58-c6934966fe1d,fb2f34e8-6c0d-4c8e-9054-76edc58a4999,"In the text box below, please describe any strategies you used to try and beat your opponent.",I tried to see if the opponent was following a pattern when they were picking their moves so I could match it accordingly.
cf444ec2-6396-424c-b54c-83398bedf199,737df27e-811f-468d-9b5a-8383529e8611,"In the text box below, please describe any strategies you used to try and beat your opponent.","at times i would use the patter Rock Paper Scissors. After a while, i would just click randomly because i would be bored of the repetitiveness of it. "
ac3681cd-a117-4c28-b848-10a13266da76,8cae0f54-c254-4aa0-95d1-89f5bb09a7b8,"In the text box below, please describe any strategies you used to try and beat your opponent.","Repeated the same one multiple times to see which the opponent would do, then switched randomly. "
c2dfc7b9-2be7-4d66-ae1e-4629b3dc99ee,484a0aee-bf40-4dd6-bf2c-f7cb653d3f22,"In the text box below, please describe any strategies you used to try and beat your opponent.",I would try to choose the option that won in the previous trial.
3cd99078-3bbd-4363-87d2-9c7f940195f4,778b4526-0379-47e7-ac6a-521fde1dea32,"In the text box below, please describe any strategies you used to try and beat your opponent.","At first I tried to pick the counter of whatever they picked in the last round but that didn't work out. Since my opponent was choosely randomly, I thought it would be best if I chose randomly too."
c67d5f09-74c0-4a10-ba2f-27ee78b7c394,e55a8c76-ea08-4799-8ed3-95682d7355ed,"In the text box below, please describe any strategies you used to try and beat your opponent.",I saw a pattern in ties and win at one point if I went at a certain order.
2a9981ee-9c72-492d-9fae-096c7577b4c5,b3ae5a08-8c20-49cf-a2cb-b08818195384,"In the text box below, please describe any strategies you used to try and beat your opponent.",I  tried to see if there was a pattern to what they were picking and if the pattern would stop I   would try to catch on to another
0d4fe40c-47f0-478c-9adb-a10b5f473e0e,a121fa8a-9388-4d9b-bc3a-ecec30e7fe02,"In the text box below, please describe any strategies you used to try and beat your opponent.","I realized that my opponent never expected me to pick paper, so I would always pick it because paper is always the least picked. "
9046726f-5ac3-4c2c-afca-9a0f6e1d2fd1,d256f026-6da6-46b0-8f2e-984856a75c95,"In the text box below, please describe any strategies you used to try and beat your opponent.","I clicked rock, paper, and then scissors. If I won, I would choose the next in order, if I lost or tied, I would choose it until I won 
"
7c8c75d2-d6c1-4fcf-a44a-03cf8172aad6,dc3c0907-5e2a-4b79-804f-1fcc435101fe,"In the text box below, please describe any strategies you used to try and beat your opponent.",assuming they would try to guess my next move based on theirs which was semi helpful. But overall I feel like there was a pattern to recognize and beat but i just wasn't getting it.
5bfd918e-9912-48d5-92f1-fed9b676b897,89134181-aa27-4b20-86db-7012d6c09a85,"In the text box below, please describe any strategies you used to try and beat your opponent.",Find patterns in my opponent's choices.
53c8fa79-006f-4d99-b62e-ee843bf095d7,fd03f1f7-a603-4915-9094-9e8ab393aba3,"In the text box below, please describe any strategies you used to try and beat your opponent.","Well, I thought at some points that my opponent had a pattern of what they were going to pick next. (Rock v. Rock - tie, then paper v. sicssors- win for me). However, after a while I found that I lost using that strategy. So from there I just made sure I didn't pick from the three choices in order.  "
ea5edf42-63af-4d71-a5b9-a73ee554863f,0e9118bd-02a1-49bd-b09d-cdfeab15f9c2,"In the text box below, please describe any strategies you used to try and beat your opponent.","At first it seemed like repeatedly choosing one option would either result in a tie or a win so thats would I would do, but after about 150 rounds I did not really care anymore and stopped trying. "
01f5bad3-9155-4c92-a3a2-bb525fe7eb38,e1f7f3dd-afe4-430b-b549-b69953f3925f,"In the text box below, please describe any strategies you used to try and beat your opponent.","just keep doing scissors and then when the opponent picks rock you pick scissors again, and then if it's paper you go to rock. After rock just go back to scissors over and over again until it chooses rock."
39433936-2500-4174-b755-c7758871214c,22bf7dfd-ed4f-4c31-9afc-1d74b2be2cde,"In the text box below, please describe any strategies you used to try and beat your opponent.","when we tied, I choose the option that would beat the one we both choose. for example, if we both choose paper, I would choose scissors next and often beat them. I think there was a pattern that when we tied they would play the same option again (twice in a row). I got many points using this strategy."
24dc9293-8803-43ad-bd06-8eef2a8d5733,cf46ccdb-54ca-4e92-b439-27bfc248f825,"In the text box below, please describe any strategies you used to try and beat your opponent.","Initially I clicked randomly. Then, it seemed like my opponent was copying whatever my last move was, so I cycled between all three choices in the same order. I noticed that this work 100% of the time, occasionally the opponent would pick something else. However, it worked often enough that it was by far the best strategy. Perhaps there was some way of predicting when it would change to something besides what I just played, but I didn't care enough to find out. I think I had 600+ points, and the opponent had -110 or less points by the end"
00f9055b-2986-4a4b-8550-2695cedb7358,55402ef8-01ba-4792-b74d-0b72df12a806,"In the text box below, please describe any strategies you used to try and beat your opponent.","I realized there was an order that had higher frequency of wins. I would go from scissors, to paper, to rock."
5855b4e8-b726-4704-a08b-d411114f0487,b4a54509-2b90-4e9d-b3cd-b4ff11563835,"In the text box below, please describe any strategies you used to try and beat your opponent.","Initially, I used a strategy of choosing the option that my opponent had previously chosen. This strategy has proven useful in the game if I play it with people in real life. However, my opponent in this game seemed to pick the three options in a certain order, with some brief variance  that would be followed by the same order all over again. This allowed me to beat my opponent without question and large confidence over time."
3b057392-4008-423a-af76-a9c3878ddb96,a42f5dac-efd7-4fa5-abd6-f4bc5a6cac41,"In the text box below, please describe any strategies you used to try and beat your opponent.",I just choosed randomly. 
18509f40-e687-48cb-8ea6-6fcb8e4af383,cccba145-12bf-4b34-95d0-8b7d70555c34,"In the text box below, please describe any strategies you used to try and beat your opponent.",I realized what the pattern was a few minutes in and continued the pattern until I reached 300. 
ee3de9d3-f9d7-4c06-ae6d-e005ece90a1b,f9b4d809-bacf-465b-b091-5e35b4105c76,"In the text box below, please describe any strategies you used to try and beat your opponent.",there was a pattern that the opponent was doing. So I thought about what beats what and use their technique against them
3eb64a85-37bf-4a91-8820-6c3e9244c84b,d8687ba6-49e1-4e30-a3db-ca9be8829579,"In the text box below, please describe any strategies you used to try and beat your opponent.","The opponent would usually play whatever would defeat what I did in the last round, so I played what would defeat that. If I followed the same pattern as it did without thinking I also defeated it so I would do scissors then paper then rock and when it hit 0 points play the same thing again and then go back to the same pattern. "
59034ca1-d5a4-4426-8356-909ec31e9bd9,30c165be-0ccd-4ac4-9ccf-4a6896d2d0a4,"In the text box below, please describe any strategies you used to try and beat your opponent.",Just did the opposite of what I thought was expected. Then started clicking randomly. 
b8d9a7e6-9c64-4052-aae3-d71d316517c6,1b981662-5855-478e-94c0-a25c1e816b09,"In the text box below, please describe any strategies you used to try and beat your opponent.","I assumed a computer opponent and thus started looking for patterns right away - there were a few clear patterns that the computer would cycle through (ex: rock --> scissor --> paper) over and over, with occasionally a few switchups (such as duplicating paper or going from paper --> rock when it should have been scissors next). After the pattern was found for that set of rounds, it was rather automatic responding. I think I did alright, though it could have been more optimized on my end as a few of the switchups made me think it was not a pattern and thus cost me more ties/losses than it should have."
44589a27-44d6-4a44-8f45-0291cd0e59ee,e75c7306-0f6c-4fd8-8756-e41f42f1e912,"In the text box below, please describe any strategies you used to try and beat your opponent.",Observe their pattern
ebb72eda-dfe6-4557-8832-681ddbe24523,9f5c9c71-e5f7-423c-9b86-2c4d184dec13,"In the text box below, please describe any strategies you used to try and beat your opponent.",I would see the patterns that my opponent was having in order to try and figure out their next move.
6f81dbd3-bac8-467a-9af0-ad18e87223e6,316a464e-fe5a-461c-aa9a-55eebd75c4d9,"In the text box below, please describe any strategies you used to try and beat your opponent.",I tried to put myself in my opponent's shoes and basically think like the person I'm playing against but I also lost track a few times 
0d63ad38-718b-4173-a0c1-3cc947091e68,c3008f84-90b0-4fd1-856b-bbf122cf613b,"In the text box below, please describe any strategies you used to try and beat your opponent.",I tried to see if there was a pattern to the opponent's choice and noticed that they would choose in an order so I would choose the opposite that would beat it and if it didn't work I would choose the one behind the original choice. 
436421a4-b6e8-4713-85fb-76fbfa2f529e,e72d9316-8af7-47cb-b90c-ed1f4f18fc8a,"In the text box below, please describe any strategies you used to try and beat your opponent.","I would stick with the rock, paper, scissors strategy until I reached a round where it didn't work. I would reuse the same one again to see how the opponent would choose next and pick accordingly until I was back on a rock, paper, scissors pattern."
56faf8bd-139e-415f-a2ab-fa3f770d7407,c9506a67-9a35-4b1c-b246-a953274f7fe7,"In the text box below, please describe any strategies you used to try and beat your opponent.","For many of the matches, I chose between the two that the opponent did not pick on the previous match. For example, if the oppoonent chose rock, then on the next one I would choose between scissors and paper and then choose scissors since it beats paper."
de3751db-a72c-477c-a2be-eb007270400a,6502b77e-7b9f-4bb2-928a-a7bb49609464,"In the text box below, please describe any strategies you used to try and beat your opponent.",I began noticing a pattern albeit a little late once I noticed that if I missed one I could refresh the pattern and start it back from memory
4358f72b-665c-4ef9-935d-f98e461952b3,79626cfc-db8f-47d2-9bd0-ae129544ed79,"In the text box below, please describe any strategies you used to try and beat your opponent.",Click random ones because there is no guessing what they will play
ca085436-9a60-49f1-8f93-610bb7b789df,412cb607-552d-4ee8-b3ef-9e83efda1994,"In the text box below, please describe any strategies you used to try and beat your opponent.","After the first couple rounds it was clear that there was a pattern, which made it extremely easy to win most games, but then after some point, it interrupted the pattern with a choice that made the round a tie, so after some number of patterns and then ties, it seemed that choosing the same card again as the human made it so the pattern of wins would continue while the computer continued. Otherwise, the majority of the game was just going in order of what the patterned initially determined."
6df26969-e4e9-4716-a253-3d94998d3ce0,5f07aed7-34ab-4690-8d31-cf1e1897153d,"In the text box below, please describe any strategies you used to try and beat your opponent.","I would initially choose randomly until at around round 300 I got the oponent into whatr seemed like a loop where we would both choose rock and then he would mostly choose paper after that. If I beat him on that paper, he would often go back to rock and I would tie him again. This got me over 150 points"
90d8ee1d-849e-43e1-998e-2fe7bcba2b7b,9256cc32-a704-4366-8751-3e3cdac6253e,"In the text box below, please describe any strategies you used to try and beat your opponent.",I did it randomly.
3ae4c30e-160f-406c-b1ab-b2e746852e40,f557e4ca-448e-4d94-bc10-fe00e4f9e887,"In the text box below, please describe any strategies you used to try and beat your opponent.","The opponents choices were predictable. For that reason if I chose rock In the previous round then my next guess would be to pick paper. Once I chose paper my next guess would be scissors. I would go in that order until the opponent would switch up their guess. When that occurred the order would change but I would still use the same principle. When the opponent would switch up their guess I knew that I would just have to lose that round, but once that round was over I would notice the new start of the pattern explained above. In other words let’s say that if the opponent chose paper out of the blue then I would know that it’s next guess would be scissors. From there I would then choose rock, and I would be correct. Once I chose rock I would then choose paper, and after paper, I would choose scissors! "
83a66758-479a-442c-b522-9f31c5826f2b,1cacaec0-02e9-4007-9a14-039bd038f75f,"In the text box below, please describe any strategies you used to try and beat your opponent.",I noticed that there would be times where I would choose one option and it would alternate between a tie or a victory. I would use this tactic to rack up points because I would only gain points and not lose them. When the pattern would change I would find a new symbol to “latch” onto and repeat the same thing.
4d24c56f-65a1-48cd-bb09-1ea959132b8b,65d68cdc-5936-41b1-af45-8f68b546935d,"In the text box below, please describe any strategies you used to try and beat your opponent.",I looked for patterns in how the opponent was responding. At first the opponent was just going from left to right in selecting the action and then started alternating between 2 actions for some amount of time before switching to another pattern. 
0c787efb-cff6-46b8-a4f7-ed653761f340,69310af3-7899-4218-a29f-c142b951a2f6,"In the text box below, please describe any strategies you used to try and beat your opponent.",I didn't really have one. It seemed like the computer was randomly choosing options.
e8cfd9d1-b356-4b80-b6ed-24618abb50c2,01ae78be-b6f1-4098-8a43-5075e7fe7ea7,"In the text box below, please describe any strategies you used to try and beat your opponent.","I would find the patter and then figure out what would kill that pattern. For example, if after several rounds I found the opponent's pattern to be scissors, paper, rock, mine would be rock, scissors, paper."
035bc4da-cd1e-4870-87d8-d6bc5f720555,9aebc1ec-8b0c-4b7e-8954-cbcc687c6a1a,"In the text box below, please describe any strategies you used to try and beat your opponent.","A strategy I used was clicking on the exact order/sequence of rock, paper, scissors every time."
dfc01acd-0e98-4845-be97-2ea55b96ac57,ee126226-d15d-4bd2-81e5-59f85bb79561,"In the text box below, please describe any strategies you used to try and beat your opponent.",Pressed button going from right to left. Opponent never went left to right.
0c80e26b-f4bf-4d1e-8edc-93cfe57606c8,d374e93f-df3b-4adc-a4da-aaf933d895c9,"In the text box below, please describe any strategies you used to try and beat your opponent.",I tried to go as fast as possible to confuse my opponent
995ddf65-eaa3-4422-b38e-85e70a4e8654,6596e8ab-709a-4a04-9cc7-785aa1b49d54,"In the text box below, please describe any strategies you used to try and beat your opponent.","After figuring out that the opponent was going in a pattern that was trying to contradict my previous move, I found that I could win every try"
488f8ff9-7c4f-43ae-8866-e285eef2f44f,55070192-257d-40f4-b611-bbec2de98a60,"In the text box below, please describe any strategies you used to try and beat your opponent.",I tried to see patterns in what the computer was picking and would try to make predictions based on that. 
1a7008b2-2fda-4bf3-b298-33f2c006d271,239676a8-dd3d-4c89-afd2-fb88989bcc9b,"In the text box below, please describe any strategies you used to try and beat your opponent.","I tried to see if there was any pattern happening either rock, paper, then scissors or the opposite. "
d423a64a-419a-4377-925f-a2e7b13dfa2e,549e1b25-192c-4d12-bd12-e5a7f6ca8807,"In the text box below, please describe any strategies you used to try and beat your opponent.","Typically the ""opponent"" followed a pattern of going through each of the options and only occasionally switched it. After the switch though it went back to the same pattern. "
226a601b-c0c3-4678-9241-f7daf6e10c0a,352fa34b-d5b4-4a35-832e-e9365fd3dd76,"In the text box below, please describe any strategies you used to try and beat your opponent.",The opponent always chose the one I chose in the round before.
814e3761-88a1-43ba-bc4c-1d29894f4eb7,dca6a907-e22f-49ac-a655-b93c292415fd,"In the text box below, please describe any strategies you used to try and beat your opponent.",The opponent mostly uses a strategy picks that i picked in the last game. So I peaked the one can beat my previous one.
c8e7be78-dc6f-43e6-a828-5246eb2314d1,70c8c2e1-a53f-449b-9a53-198bfedf24bd,"In the text box below, please describe any strategies you used to try and beat your opponent.",Vary the choices I made so it wasn't predictable
69318daa-3093-4af4-a2e5-d3732398ee76,9086b889-abe8-47ad-8b95-d961f0fd4bbf,"In the text box below, please describe any strategies you used to try and beat your opponent.",Eventually it just seemed like the computer was going in order so I followed the other and it worked for most of the time..
a972a750-c5c9-4640-ac1a-0e12b62f3219,48ddce11-71ba-4338-a7f5-7cba53baa4d5,"In the text box below, please describe any strategies you used to try and beat your opponent.",If I noticed they selected something more than twice in a row I adjusted my moves to beat that particular move.
afdc17b5-4bcc-46d2-b751-c1420febb9ff,f5c831c1-ec42-40e2-b2c2-8f5b8046bf98,"In the text box below, please describe any strategies you used to try and beat your opponent.",Will always go to the right after doing a change and back to a pattern.
261ea05e-17e7-4ba2-abc6-2fd7fbc3d163,c16f3cdc-65d0-4958-9a7a-c356ae77b761,"In the text box below, please describe any strategies you used to try and beat your opponent.",I tried to predict what the computer pattern was and how it changed depending on win or lose
6bc25c84-a331-4087-af65-b98b2068d9c5,444b8794-cda5-4623-a981-9f1dc46c56ae,"In the text box below, please describe any strategies you used to try and beat your opponent.",I tried to figure out a pattern as to what my opponent had put out prior.
0037e955-741a-43de-9cab-e4ab6f0df65d,4f581cdb-169f-4410-baec-b862aa731de6,"In the text box below, please describe any strategies you used to try and beat your opponent.",I would just do scissors paper rock in that order over and over and it was working.
903a993a-e562-4c9b-b8f8-382a7e5f0620,b5b3174b-96b0-49ec-a287-e58cf4132194,"In the text box below, please describe any strategies you used to try and beat your opponent.",Used previous pattern and countered with own pattern also chose to pick safer option resulting in ties rather than wins 
6efd7a1b-a0cf-42da-bf50-2170b1675028,9b5e782c-718f-46d8-9d06-dffaa13497f6,"In the text box below, please describe any strategies you used to try and beat your opponent.",I tried to find a pattern in what my opponent was doing and tried to go as fast as possible. 
d1e03620-24d6-4fac-9e26-adb78b32b965,02c20c10-8e89-4339-b14a-3daea29b5752,"In the text box below, please describe any strategies you used to try and beat your opponent.","I followed their patterns. When they changed their pattern, I tried to figure out what it was."
5fa23d27-adac-4b8a-8354-7138dd63188c,1ef49fe6-01cd-4516-8179-1215323a6664,"In the text box below, please describe any strategies you used to try and beat your opponent.",I tried to use the previous round to guess what they might do to win
83c1257b-4672-497f-9668-28e6ba914bff,380f03e1-7014-4613-a5f4-b5366a9f63e6,"In the text box below, please describe any strategies you used to try and beat your opponent.","At first, my options where just random, but I soon realized that the computer followed a pattern. I noticed that once I started winning the rounds, the computer would keep the same pattern going, but if I messed up, the pattern would change until all the options where gone through, then it would return to the same pattern. "
dc77708e-1b41-46d7-8610-a222327c95f3,f75e6110-0548-4a12-b2da-6781ee517d1b,"In the text box below, please describe any strategies you used to try and beat your opponent.","Personally, I started with a paper because I feel like alot of people do rock first. From there, sometimes I switch it up by doing the same one twice or three times to trick the opponent. Most of it is just random!"
253b233c-ccfd-45b5-a14d-c99951dc403f,b5b05f66-d98b-44df-aaca-b35e48809067,"In the text box below, please describe any strategies you used to try and beat your opponent.","If I get it wrong, and the opponent consistently chose the same one I would then know which one to choose to beat it. It would start seeming like there was . a pattern until a stand still which I consider to be the portion where we both constantly tie. Then from there I would try to figure out/guess one that the opponent wouldn't do to beat it. In the beginning it was . a bit more hard but the more trials you do the more consistent it gets. I think I'd be thrown off especially when we start getting tied because I would have thought I was beating the algorithm when I ultimately didn't. And because it was so many trials it was easy to give up when given the 10s to think or make a decision that could possibly be backed up."
d26f54a3-0331-4faa-bfb4-30a8cf31a017,4450f227-759f-418b-a208-dfc4958f8841,"In the text box below, please describe any strategies you used to try and beat your opponent.",I essentially just tried to read the pattern and counterpick from there. Ocassionally the pattern would change but the point differential was too much so I wasn't worried and the pattern would resume shortly after around 2 games
9a82fec9-297e-4cb9-950d-91017715fb3a,4d1f4710-fe86-4af2-9880-38e3e5d6fb1d,"In the text box below, please describe any strategies you used to try and beat your opponent.","I just clicked from rock to paper to scissors, and it seemed to put me at an advantage."
d8a6b58e-1bd1-42cf-b1f6-59b7295f4b95,a5f78ec0-b3db-465d-b505-61e0dd037dab,"In the text box below, please describe any strategies you used to try and beat your opponent.",I first tried to figure out if my opponent has any form of pattern to how they were picking their moves and went based on that. Every time they switched patterns I tried to figure out what it was.
05e77e5f-39e3-42ae-8542-99f71eb7ab35,6bc4ab71-92cd-439e-8424-5be4bd7c2de6,"In the text box below, please describe any strategies you used to try and beat your opponent.",I repeated some rock a lot more. 
09994e51-17b2-4027-b6e7-b5c26a694d8f,f67c4df3-5ac9-4e9b-bd70-1f5b9d2948d5,"In the text box below, please describe any strategies you used to try and beat your opponent.",no strategy
cf39a620-59f7-49d0-a0ad-bb925f369d4d,6850ed70-8c34-41fe-b4b9-bbdaf66b3fbb,"In the text box below, please describe any strategies you used to try and beat your opponent.","I just figured out what they were gonna play, which is always what would beat the last thing I played. Once I figured out it wasn't random I just did like a cycle of the things in order"
579cb41b-84a3-4d2b-9faf-6f7c1feee582,f5b3a4c0-14fc-4720-ae5d-6bb4705b099b,"In the text box below, please describe any strategies you used to try and beat your opponent.",I would play off of the computers previous choice and the results of it. For example if I chose paper and the computer did rock. I would assume the computers next move would be scissors so for my next move I would do rock.
3cd32162-b755-4aaa-bd46-36c94f1c36ad,9d21b1e7-bcce-44ef-b8d4-9bb8f42b9ed1,"In the text box below, please describe any strategies you used to try and beat your opponent.",I tried repeatedly clicking one of the options and that did not seem to go that well which is weird considering it's just a matter of probability. I then utilized a pattern of using one option after the other in a sequence and it worked very well.
93567ffb-83c3-4b45-9ae7-bd5350ecd1c8,0bedc1bd-c4bf-49c0-8a75-ec7970281585,"In the text box below, please describe any strategies you used to try and beat your opponent.","At first I tried to predict the other player's move until I discovered a pattern. Then I found a pattern and stuck with answers to beat that pattern. Eventually, the pattern changed so I once again, tried to predict their choices. It was harder after the first pattern to figure out the new one (if there was one). At one point I thought I figured out the pattern but it seemed to change shortly after. So, I don't know if I just figured out the pattern too late where the pattern changed directly after, or if there wasn't a pattern and it was just random."
19e5233a-9238-45cf-abda-55c98153ca16,a10fe586-6c42-4ed4-84dd-ac277d502d12,"In the text box below, please describe any strategies you used to try and beat your opponent.",assume what they would think i would do 
4e5f3c6d-2dd1-44ae-96f6-ad2813ac96dc,1309b8d5-3a95-4e93-8e0a-443fe91ac65b,"In the text box below, please describe any strategies you used to try and beat your opponent.","I tried to look for any patterns that emerged from the other player. I noticed that if the opponent beat me they would continue to use the same hand until it lost, which it would then switch to the next hand systematically. There were times where the opponent would not go in order but after that instance there were no more instances of any deviation for a while. It was difficult to note when they would deviate, but next time I would count which round they deviated and look for a pattern (i.e. if they did it every 5th round or every 2^x)."
91fc38d6-3e79-49b3-999c-e073c3555947,118b68fa-b15b-4e94-9404-f41a54fa7c33,"In the text box below, please describe any strategies you used to try and beat your opponent.","At first I kep playing moves that I wanted to do, but then I noticed that this was not working. I had to gain a strategy so I decided to alternate from all of the choices. Then I kept losing so then I tried doing the same one over and over and that didnt help. I then tried to look at the number. If it was a loss then I clicked the same one then a win would happen. If it was a tie I then moved to the next one until that one got a win then moved back to the one with a tie. I kept doing this until I finished the game."
6b60880f-5311-4df9-b809-995969303a18,ce74e752-8c17-47b1-bda0-66a712da0cdf,"In the text box below, please describe any strategies you used to try and beat your opponent.",Trying to find a pattern in what the opponent is doing based on the previous outcome. 
6b204c94-b4ae-471b-ba10-cb332c73bbe1,515a8eed-ef10-4686-a618-17b23bc3f86a,"In the text box below, please describe any strategies you used to try and beat your opponent.","I used the same 3 patterns like scissors,paper, and rock"
ec8c35e1-ed92-42be-92a4-1d73e662b9a0,58aaeb60-714f-46d2-81e8-c44d0a7b2792,"In the text box below, please describe any strategies you used to try and beat your opponent.",I don't disclose my strategies
ede9954b-eb49-4f24-8db7-15ad2052e0d4,6dd26869-94c6-48c3-b591-c10f9211cdab,"In the text box below, please describe any strategies you used to try and beat your opponent.",I believe that towards the middle of the game I noticed a pattern and after a few more rounds I noticed a different pattern and I followed through the game until the next pattern.
ab1eb751-b3e5-48b0-ac24-b2af2c334a2f,c57235d5-ed77-4bc0-a3c9-55a73919d5bb,"In the text box below, please describe any strategies you used to try and beat your opponent.","I realized there was a pattern to the opponent so I repeated chose rock, paper then scissors and I kept winning. "
61f664b7-45f6-432f-96c6-516e42085ae9,9d17b68c-3bd6-4c81-9191-d5e472e0d489,"In the text box below, please describe any strategies you used to try and beat your opponent.","i tried to think a couple of moves ahead to anticipate what my opponent would pick
"
60564488-c3e0-42f6-a6c0-f90da083c33b,21f31745-7665-4564-a54a-e3928aa7fef6,"In the text box below, please describe any strategies you used to try and beat your opponent.","As I recognized the pattern of the computer choosing in order, I choose an order that would beat it almost every round."
775f0274-742f-44df-8238-1d411ceac2ab,ce926e95-4c3f-4b3e-9cd2-4d2ebdee2533,"In the text box below, please describe any strategies you used to try and beat your opponent.",I would see which piece my opponent used and pick my piece dependent on the last piece they used
e506e392-9172-4121-af7e-652bc78e20c7,8a515ecd-74f3-46d9-a713-2c1395d1cfb4,"In the text box below, please describe any strategies you used to try and beat your opponent.","I notice that if i kept selecting a choice: Example Paper --> the bot would alternatively go from Rock and then next turn paper then next turn paper again. If i kept picking paper, i could only gain win or tie. "
1a0791ae-140f-44d3-8f81-7d56d32c0d4c,71b9071c-357f-4067-b985-6f3bd55e5d96,"In the text box below, please describe any strategies you used to try and beat your opponent.","try to find patterns in the opponents game play, after finding the patterns predict what they will choose next and choose the right path to beat what you predict they will choose"
beb925b9-eca3-4803-bd30-3d01c1f4779d,ac22611d-0803-4012-ba9f-9ddd7b7d666c,"In the text box below, please describe any strategies you used to try and beat your opponent.",I didn't have any strategy whatsoever.
f4c51574-b55e-48c1-b66e-a6c17755f7d7,3878e8e2-ff46-4f5b-8b2d-f3bfdd9004af,"In the text box below, please describe any strategies you used to try and beat your opponent.","This was frustrating because the score kept resetting. The first time I played i was so close to 300 when i went back to 1/300. It happened a few times and I almost stopped but anyway. I did find a strategy. The opponent kept going in order for the most part so I just had to keep jumping one option ahead each time, and that mostly guaranteed wins."
9aef924a-1afd-4a20-a124-85cbfc6edc22,ef594cba-e913-4f52-b6b2-c2dbe60dc42a,"In the text box below, please describe any strategies you used to try and beat your opponent.",At first I was actually trying but then I realized there were 300 rounds so then I just did what was closest to the next button to be honest.
d1c61fc5-5bbb-4dbd-b611-18bace3ee3a9,7b94c71f-98ec-4000-a5d3-15423810e156,"In the text box below, please describe any strategies you used to try and beat your opponent.","If we tied, they would most likely use the same gesture/option again that they used when we tied.
Assuming that they're trying to beat the winning strategy, I would combat their expected move."
3c480319-e167-4f3a-bb08-1218704f8d0b,727a7a81-29d4-4cf7-9965-e9277fb226bb,"In the text box below, please describe any strategies you used to try and beat your opponent.",I tried to see the pattern of the opponent and try to do the opposite of the computer
ebd54677-9931-4785-9ad6-374ff82c2070,ec0c5956-7f17-4849-98fd-0f8102d6d09c,"In the text box below, please describe any strategies you used to try and beat your opponent.",I would try to think about what the opponent would think about to try to beat my next most obvious move. However this did not work because I was thinking about it too much and I would think about it in a never-ending loop.
b6a3ee2d-c731-4dc2-99ac-7f678f3b6dd3,fae4afe4-7a57-40fb-a553-a2410b1a3e5a,"In the text box below, please describe any strategies you used to try and beat your opponent.",rotating through rock paper and scissors when i saw a loop
12e904c3-e3b6-4b2a-a679-a1d057d4d8fe,6805a080-daeb-42c3-98ab-3a52e9731116,"In the text box below, please describe any strategies you used to try and beat your opponent.","I figured out a pattern in the opponents choosing and just repeated the winning patter. They went paper, scissor, rock so i went scissor, rock, paper. At first I also thought of the opponent as assuming i kept the same choice what would they choose and base on that what would I choose. Assuming the opponent knew my strategy, if i had chosen rock after the process they would have chosen paper so i would have chosen scissors"
1553360d-2c1c-4ead-a996-352782668666,9274287c-1aff-4163-8e42-2a968d49fc10,"In the text box below, please describe any strategies you used to try and beat your opponent.",I noticed the computer would start repeating predictable patterns and started playing according to that.
a17bcc2d-0817-4753-8185-61bea8a7c168,831d7565-ff6e-4798-914e-aa748e19af1a,"In the text box below, please describe any strategies you used to try and beat your opponent.","Initially I selected my options at random but after I noticed a pattern. There'd be only one possible move which would cause you to either tie or win every round until a certain point (when you lost), and then after that, the next move would be the one next to the initial possible one taken. "
9ab2fcdc-65b1-48ad-ba4f-010da3aebb55,f4f217c2-3b2d-414e-99a9-3424a25e0103,"In the text box below, please describe any strategies you used to try and beat your opponent.","I was trying to see if there were any patterns to the way that they selected what they were gonna play. It would work consistently for a while, but then it would change and I would repeat the process."
79025357-520e-4aba-8afb-763fd7c18885,9570a173-dd3a-4289-a2a5-705ec0c114fb,"In the text box below, please describe any strategies you used to try and beat your opponent.","I tried to find a pattern between the 3 options and how the opponent response after each turn. Then you can kind of guess the pattern as it repeats itself through a couple turns. After that, it changes again so you will have to figure out the new pattern in order to win a maximum amount of times."
bdbbbb30-948b-401c-bab7-d313c26193a2,0286d56b-9826-4f0b-ae4a-e4d669aa0bd1,"In the text box below, please describe any strategies you used to try and beat your opponent.","After winning with scissors my next move would be paper and then rock which would get me the win every time. There seemed to be a pattern, which would then reset after a bit. "
8bc3f874-d5db-45b6-9eca-17b559b3a398,c1b3a29d-fdd6-4c3d-b533-47ba39fdd171,"In the text box below, please describe any strategies you used to try and beat your opponent.","The opponent went in a set pattern, so I chose the move that beat that pattern, and adjusted accordingly whenever there was a tie."
f2380df4-14f3-4b16-85d1-44eee529de12,da7d68ff-f02c-4c38-9ea8-5ff0328132df,"In the text box below, please describe any strategies you used to try and beat your opponent.","the opponent was following my previous patterns, so I just chose accordingly"
5fafb2a9-4598-4044-9c68-be6ce4c48f6f,b10755ee-cddf-41c6-98bf-bd4959fe2869,"In the text box below, please describe any strategies you used to try and beat your opponent.","At first, I tried random chance and just chose options at random. After a few tries, I realized it was going in a pattern in order from right to left then chose accordingly. Once the pattern stopped and changed slightly, I stopped the pattern and observed. I ended up staying and choosing the same option over and over when the pattern changed and then acted in response to what I saw."
1d68c9a3-6646-4383-a9fe-37d8f2bba547,902f6e89-e2bb-47fc-b236-b1504f7fd2ce,"In the text box below, please describe any strategies you used to try and beat your opponent.",statstics 
04bcb54c-02ca-45dc-b0dc-cca4e0107a9f,f6737a3d-489b-40b7-a169-ae6fc00cb7d5,"In the text box below, please describe any strategies you used to try and beat your opponent.",I tried to see what they chose last and then decide what they believed I would chose and choose an opposite option. 
e15f375c-277d-4185-a3a3-c5c1cc0688b2,986ac4ea-b87e-445d-8438-9083cd8ea245,"In the text box below, please describe any strategies you used to try and beat your opponent.",By selecting the same option mostly
